{"funds":23.578580000000002,"initialFunds":20,"tokenLimit":16,"numOfTokens":-2,"costPerToken":1.8,"amountInvested":5.454739999999999,"totalReturn":23.677500000000002,"netGainLoss":1.0009279006406528,"soldAmountInvested":29.110290000000003}